{
    "LSTAT": 0.4207054674625397,
    "RM": 0.1958579123020172,
    "CRIM": 0.09002970904111862,
    "PTRATIO": 0.08217282593250275,
    "INDUS": 0.030213985592126846,
    "TAX": 0.04913117736577988,
    "NOX": 0.10527186095714569,
    "B": 0.026617085561156273
}